Category;gnu lib;MS lib
no_spaces;4.30018e-05;2.91959e-05
n=10;3.12285e-05;2.49063e-05
n=100;6.52695e-05;2.56465e-05
n=1e3;0.000337688;4.60801e-05
n=1e5;0;0
n=1e7;0;0
