Category;gnu lib;MS lib;MS lib
n=2;2.63672e-005;1.5625e-005;2.69531e-005
n=10;2.69531e-005;2.03125e-005;1.97266e-005
n=100;4.00391e-005;2.59766e-005;3.00781e-005
n=1000;0.000444141;5.50781e-005;6.97266e-005
n=100000;0.0289375;0.00383906;0.00431465
n=10000000;3.26175;2.76363;3.00993
