Category;gnu lib;MS lib
no_spaces;3.29612e-005;1.92716e-005
n=10;2.63672e-005;1.77734e-005
n=100;7.83203e-005;2.40234e-005
n=1e3;0.000439844;4.51172e-005
n=1e5;0.0411027;0.00143691
n=1e7;3.94536;0.180483
